event_timestamp,symbol,close,volume,price_change_pct,sma_5,sma_10,sma_20,sma_50,ema_12,ema_26,rolling_volatility,relative_volume,anomaly_label,anomaly_score,sentiment_label
2026-08-29 09:30:00+00:00,AAPL,185.4,1481643,0.0,185.4,185.4,185.4,185.4,185.4,185.4,0.0,1.0,0,0.2,POSITIVE
2026-08-29 09:31:00+00:00,AAPL,185.51298909317296,1206644,0.06094341595088704,185.4564945465865,185.4564945465865,185.4564945465865,185.4564945465865,185.41738293741122,185.40836956245727,0.0,0.8977047465542184,0,0.2,NEUTRAL
2026-08-29 09:32:00+00:00,AAPL,185.1271279728568,1782620,-0.20799682124811314,185.3467056886766,185.3467056886766,185.3467056886766,185.3467056886766,185.37272832747976,185.38753685211648,0.001901694654573316,1.1961465537082296,0,0.2,NEGATIVE
2026-08-29 09:33:00+00:00,AAPL,185.40498572198368,1347854,0.1500902391612824,185.36127569700335,185.36127569700335,185.36127569700335,185.36127569700335,185.3776910035573,185.38882936099552,0.0018641456939923,0.9265573891074061,0,0.2,POSITIVE
2026-08-29 09:34:00+00:00,AAPL,185.7537564976099,618796,0.18811294327825134,185.43977185712467,185.43977185712467,185.43977185712467,185.43977185712467,185.43554723341154,185.4158610007447,0.0017865775250647203,0.4806139968935421,0,0.2,NEUTRAL
2026-08-29 09:35:00+00:00,AAPL,185.02893226690696,1647498,-0.39020703773077203,185.36555831050606,185.37129859208838,185.37129859208838,185.37129859208838,185.37299108471854,185.38719961305304,0.0024961325616511603,1.2226247069438612,0,0.2,NEGATIVE
2026-08-29 09:36:00+00:00,AAPL,184.5470504993578,1361900,-0.26043590137246886,185.17237059174303,185.25354886455543,185.25354886455543,185.25354886455543,185.24592330235535,185.32496634537193,0.0024074456738247905,1.009139982142394,0,0.2,POSITIVE
2026-08-29 09:37:00+00:00,AAPL,184.59423563803614,1452077,0.025568080633453505,185.0657921247789,185.17113471124054,185.17113471124054,185.17113471124054,185.14566366169086,185.27083814482856,0.0022313439291024293,1.065839241503282,0,0.2,NEUTRAL
2026-08-29 09:38:00+00:00,AAPL,184.47748251881643,1348059,-0.06324851846871704,184.88029148414546,185.09406224541564,185.09406224541564,185.09406224541564,185.0428665627871,185.21207106142023,0.002065827856296952,0.9906459419628709,0,0.2,NEGATIVE
2026-08-29 09:39:00+00:00,AAPL,184.47128364833685,1330369,-0.0033602315008485206,184.62379691429084,185.03178438570777,185.03178438570777,185.03178438570777,184.95493072979477,185.15719791971037,0.0019423149747687617,0.9798364347970828,0,0.2,POSITIVE
2026-08-29 09:40:00+00:00,AAPL,184.15655943168102,635849,-0.17060878551471426,184.44932234724564,184.90744032887585,184.95221848079623,184.95221848079623,184.83210437623882,185.0830765502267,0.001866988774030144,0.4920978640512213,0,0.2,NEUTRAL
2026-08-29 09:41:00+00:00,AAPL,184.48045324252487,1338810,0.17587959497256112,184.43600289587908,184.80418674381104,184.9129047109403,184.9129047109403,184.7780042018213,185.03843778669324,0.0019167327207909165,1.0330245029632297,0,0.2,NEGATIVE
2026-08-29 09:42:00+00:00,AAPL,184.7674280600775,1692368,0.15555838708578573,184.4706413802873,184.7682167525331,184.90171419933546,184.90171419933546,184.77637710309148,185.01836299212908,0.0019170690676205712,1.27581551135734,0,0.2,POSITIVE
2026-08-29 09:43:00+00:00,AAPL,184.79182870440027,955925,0.013206139512234039,184.5335106174041,184.70690105077477,184.8938652354115,184.8938652354115,184.7787542725236,185.00158267451954,0.0018390618690230843,0.7353102775915182,0,0.2,NEUTRAL
2026-08-29 09:44:00+00:00,AAPL,185.20843863245344,1404257,0.22544824139361097,184.68094161422744,184.6523692642591,184.9148367952143,184.9148367952143,184.84485955866666,185.0169053380702,0.0018895572657716907,1.0744305348894185,0,0.2,NEGATIVE
2026-08-29 09:45:00+00:00,AAPL,185.3816119831026,546226,0.09350186845040742,184.92595212451175,184.6876372358787,184.94401024445733,184.94401024445733,184.92743685473374,185.04392064510964,0.0018393004005269064,0.43370857721207917,0,0.2,POSITIVE
2026-08-29 09:46:00+00:00,AAPL,185.06301793923416,1021248,-0.17185849257664865,185.0424650638536,184.73923397986633,184.95101069709128,184.95101069709128,184.94829548311844,185.04533525948924,0.0018278422582262647,0.8200027744003052,0,0.2,NEUTRAL
2026-08-29 09:47:00+00:00,AAPL,185.1995022051737,1155076,0.07375015681649888,185.12887989287282,184.79976063658006,184.96481578087364,184.96481578087364,184.98694267112694,185.05675503324363,0.0017817568459537196,0.9312117196503514,0,0.2,NEGATIVE
2026-08-29 09:48:00+00:00,AAPL,184.84433304448024,1974107,-0.19177652016579838,185.13938076088883,184.83644568914647,184.95847458422134,184.95847458422134,184.9650027285659,185.041020071113,0.0017830332496837126,1.5434562295078054,0,0.2,POSITIVE
2026-08-29 09:49:00+00:00,AAPL,185.16908616459597,821877,0.1756900602614575,185.1315102673173,184.90622594077237,184.96900516324007,184.96900516324007,184.99640018026284,185.05050644840802,0.001788026562194926,0.6542772432320831,0,0.2,NEUTRAL
2026-08-29 09:50:00+00:00,AAPL,185.15059669396945,914822,-0.009985182197247422,185.0853072094907,185.00562966700122,184.95653499793852,184.97765237898906,185.0201227208331,185.05792054067183,0.0017403556461348829,0.7450788149492054,0,0.2,NEGATIVE
2026-08-29 09:51:00+00:00,AAPL,185.08214194013613,1112792,-0.03697247270905146,185.0891320096711,185.06579853676234,184.93499264028668,184.98240190449576,185.0296641391874,185.05971471840994,0.0017341201849462324,0.909793059017199,0,0.2,POSITIVE
2026-08-29 09:52:00+00:00,AAPL,184.83008614295892,1988998,-0.13618590888079263,185.01524879722814,185.07206434505048,184.9201405487918,184.97577948008114,184.99895983207531,185.04270519430247,0.0016983552649019742,1.612554556529215,0,0.2,NEUTRAL
2026-08-29 09:53:00+00:00,AAPL,185.28201098483981,1780104,0.24450826773481094,185.10278438530003,185.12108257309444,184.9139918119346,184.98853912611273,185.04250616326985,185.0604315491571,0.0017567010368951482,1.4183441257969056,0,0.2,NEGATIVE
2026-08-29 09:54:00+00:00,AAPL,185.22474791845153,552039,-0.030905896413746525,185.1139167360712,185.12271350169425,184.8875413829767,184.99798747780628,185.0705433563747,185.0726031320678,0.0016984839042818087,0.44102433287698795,0,0.2,POSITIVE
2026-08-29 09:55:00+00:00,AAPL,185.0660740926783,850909,-0.0856655644326132,185.09701221581295,185.09115971265183,184.88939847426525,185.0006061937629,185.06985577734451,185.07211949952043,0.0014638847224392724,0.7021335094108329,0,0.2,NEUTRAL
2026-08-29 09:56:00+00:00,AAPL,184.93573814518794,1732511,-0.07042671009764856,185.0677314568233,185.07843173324719,184.90883285655676,184.99820367344532,185.0492222954743,185.0620171769773,0.0013417779642108988,1.4080634098332918,0,0.2,NEGATIVE
2026-08-29 09:57:00+00:00,AAPL,185.1326241294915,587454,0.10646183711067181,185.1282390541298,185.071743925679,184.9357522811295,185.00300440401838,185.06205334686155,185.06724732160797,0.0013586124032993398,0.4948272812270993,0,0.2,POSITIVE
2026-08-29 09:58:00+00:00,AAPL,185.26793536670803,1783506,0.07308881287282354,185.12542393050347,185.11410415790175,184.9752749235241,185.01213995445596,185.09372750376102,185.08211310272648,0.0013516551999340186,1.4752370080011175,0,0.2,NEUTRAL
2026-08-29 09:59:00+00:00,AAPL,185.42086760432585,922075,0.08254652231920456,185.1646478676783,185.13928230187474,185.02275412132354,185.02576420945164,185.14405675000177,185.1072060287709,0.0013569894909182222,0.77579977546546,0,0.2,NEGATIVE
2026-08-29 10:00:00+00:00,AAPL,185.58063401264562,1876478,0.08616420060156837,185.2675598516718,185.18228603374237,185.0939578503718,185.04366323536112,185.2112224827162,185.14227476831718,0.001280747816933597,1.500487254264844,0,0.2,POSITIVE
2026-08-29 10:01:00+00:00,AAPL,186.375530651848,940390,0.42832952017408665,185.5555183530038,185.31162490491354,185.18871172083794,185.08528409212633,185.3903468164288,185.23362705598615,0.0015243911944960704,0.7641358716933646,0,0.2,NEUTRAL
2026-08-29 10:02:00+00:00,AAPL,186.22403902316088,1151475,-0.08128300327692184,185.77380133173767,185.45102019293375,185.26154226899212,185.1197918173092,185.51860715592602,185.3069909054065,0.001531053476807115,0.9566817319962652,0,0.2,NEGATIVE
2026-08-29 10:03:00+00:00,AAPL,186.033255203225,1492874,-0.10244854581430429,185.92686529904108,185.52614461477225,185.32361359393335,185.1466583874832,185.5977837785874,185.36078826080046,0.0015629688051770742,1.2132640703983362,0,0.2,POSITIVE
2026-08-29 10:04:00+00:00,AAPL,185.73047762396186,689421,-0.16275454564957936,185.9887873029683,185.5767175853233,185.34971554350878,185.16333893709685,185.61819821633733,185.38817265807168,0.00155319558846606,0.5770569835202266,0,0.2,NEUTRAL
2026-08-29 10:05:00+00:00,AAPL,185.95928992868483,1335548,0.12319588451510377,186.06451848617613,185.66603916892393,185.3785994407879,185.1854486868632,185.6706738643908,185.43047764108007,0.00156256710108537,1.082129327105851,0,0.2,NEGATIVE
2026-08-29 10:06:00+00:00,AAPL,186.3791757004919,1257523,0.2257944585441818,186.06524749590488,185.81038292445436,185.4444073288508,185.21771157912343,185.7796741468679,185.50075157140688,0.001564378317564087,1.0092488440700533,0,0.2,POSITIVE
2026-08-29 10:07:00+00:00,AAPL,186.33670083403015,1675847,-0.022789491530972317,186.08777985807876,185.9307905949082,185.5012672602936,185.24715866477885,185.86537056027748,185.5626737390086,0.0015668650704758094,1.3174509399290508,0,0.2,NEUTRAL
2026-08-29 10:08:00+00:00,AAPL,186.0235968618271,1994160,-0.16803129539250117,186.08584818979915,186.00635674442012,185.56023045116095,185.26706733649806,185.88971306820818,185.59681619255073,0.0015499258241515209,1.5664549150315488,0,0.2,NEGATIVE
2026-08-29 10:09:00+00:00,AAPL,185.7168509392513,1496470,-0.16489624313825724,186.08312285285706,186.03595507791266,185.5876186898937,185.2783119265669,185.8631188945225,185.6057076552693,0.0015706113651721228,1.1451672666448214,0,0.2,POSITIVE
2026-08-29 10:10:00+00:00,AAPL,185.9585030268485,1113779,0.13011855756495105,186.08296547248978,186.07374197933294,185.62801400653765,185.29490195340304,185.8777933764188,185.63184064575665,0.0015900578935593734,0.8458753476874864,0,0.2,NEUTRAL
2026-08-29 10:11:00+00:00,AAPL,186.23493189293941,1109580,0.14865083424069336,186.05411671097926,186.0596821034421,185.68565350417782,185.31728361863009,185.93273776357583,185.6765140714739,0.00160796340558571,0.8427891522057476,0,0.2,NEGATIVE
2026-08-29 10:12:00+00:00,AAPL,186.43724048926978,1126938,0.1086308536610403,186.07422464202722,186.081002250053,185.76601122149336,185.3433291272496,186.01035356752874,185.7328641764958,0.0015665037600336947,0.8849459468129218,0,0.2,POSITIVE
2026-08-29 10:13:00+00:00,AAPL,186.18908890257833,1721030,-0.13310194145773613,186.10732305017746,186.0965856199883,185.8113651173803,185.36255094032526,186.03785131138252,185.76665860065006,0.001538689265375976,1.3546080487108878,0,0.2,NEUTRAL
2026-08-29 10:14:00+00:00,AAPL,186.27554071301876,981823,0.0464322646133386,186.21906100493095,186.151091928894,185.86390475710863,185.38283960194065,186.07441891163427,185.80435357193662,0.0015337333028670563,0.7599310691019133,0,0.2,NEGATIVE
2026-08-29 10:15:00+00:00,AAPL,199.36134298701927,3752295,7.024970763156113,188.8996289969651,187.49129723472745,186.57866820182568,185.68672011031194,188.11856107707814,186.80857501009086,0.01570415073640342,2.6110934844456786,1,-0.8,POSITIVE
2026-08-29 10:16:00+00:00,AAPL,186.40050382401773,1001437,-6.501179701545967,188.9327433831808,187.49343004708004,186.6519064857672,185.7019069978376,187.8542445766073,186.77834751482618,0.022003404863144983,0.7150541360022846,0,0.2,NEUTRAL
2026-08-29 10:17:00+00:00,AAPL,186.72537335053033,534068,0.17428575558964265,188.99036995543287,187.53229729873004,186.73154394681916,185.7232292135187,187.68057208028776,186.77442350265613,0.02200464239429945,0.3820677513743835,0,0.2,NEGATIVE
2026-08-29 10:18:00+00:00,AAPL,186.80887527517928,659213,0.04471910975494264,189.11432722995306,187.6108251400653,186.8085909422427,185.7453852555934,187.54646487950183,186.77697548580602,0.02200468428149352,0.4913555331415455,0,0.2,POSITIVE
2026-08-29 10:19:00+00:00,AAPL,187.06252943343233,635071,0.13578271261438513,189.27172497403578,187.74539298948338,186.89067403369802,185.77172813915018,187.47201327241422,186.79812763007462,0.02200523773684189,0.47847877336278727,0,0.2,NEUTRAL
2026-08-29 10:20:00+00:00,AAPL,187.087812456783,1657328,0.01351581389776868,186.81701886798854,187.85832393247682,186.9660329559049,185.80548438828583,187.41290545462482,186.81958576538636,0.02200550485936296,1.2590678436405918,0,0.2,NEGATIVE
2026-08-29 10:21:00+00:00,AAPL,187.19599388846248,1583539,0.05782387973800596,186.97611688087747,187.95443013202913,187.0070561177356,185.83914448419165,187.379534444446,186.8474678485772,0.021988755265155566,1.17432192365731,0,0.2,POSITIVE
2026-08-29 10:22:00+00:00,AAPL,187.43234314219436,1545156,0.12625764516771554,187.1175108392103,188.05394039732158,187.06747132368727,185.88524878757838,187.3876588594842,186.8907919444007,0.021987385498812725,1.129372037524988,0,0.2,NEUTRAL
2026-08-29 10:23:00+00:00,AAPL,186.8861068829167,1192815,-0.2914311639711342,187.13295716075777,188.12364219535544,187.11011390767186,185.91487121079706,187.31049701693536,186.8904449028093,0.02199857720776191,0.8815084749714565,0,0.2,NEGATIVE
2026-08-29 10:24:00+00:00,AAPL,186.7666226647016,1575587,-0.06393424327146846,187.07377580701163,188.17275039052373,187.16192115970884,185.9351285341389,187.2268240396686,186.88127288517168,0.02199475586210053,1.1274645466685334,0,0.2,POSITIVE
2026-08-29 10:25:00+00:00,AAPL,186.59092284062942,741907,-0.09407453085855666,186.9743978837809,186.89570837588474,187.19350280530608,185.96636834561335,187.12899308597028,186.85976547446487,0.021996354436927625,0.5424175833174133,0,0.2,NEUTRAL
2026-08-29 10:26:00+00:00,AAPL,186.3525052260571,1850932,-0.12777556964866932,186.80570015129985,186.89090851608867,187.19216928158434,186.00247744014735,187.0095334152144,186.82219064124948,0.02199483399335131,1.324507964961148,0,0.2,NEGATIVE
2026-08-29 10:27:00+00:00,AAPL,186.24995833043786,1251567,-0.05502845024533132,186.56922318894854,186.84336701407943,187.1878321564047,186.03559189399536,186.89267570986416,186.77980306267082,0.02199529918473372,0.9094138917797273,0,0.2,POSITIVE
2026-08-29 10:28:00+00:00,AAPL,186.8068238442856,1907077,0.2989882622468798,186.5533665812223,186.84316187099003,187.22699350552767,186.08217872050474,186.87946773054438,186.78180460204968,0.021999010821324848,1.390118790221248,0,0.2,NEUTRAL
2026-08-29 10:29:00+00:00,AAPL,186.4833375228692,728468,-0.17316622313863217,186.49670955285583,186.78524267993373,187.26531783470855,186.12241979799538,186.81852462167126,186.7596959295178,0.02199943177863032,0.5462907031636383,0,0.2,NEGATIVE
2026-08-29 09:30:00+00:00,MSFT,412.2,1045517,0.0,412.2,412.2,412.2,412.2,412.2,412.2,0.0,1.0,0,0.2,POSITIVE
2026-08-29 09:31:00+00:00,MSFT,412.5681203015191,1739437,0.08930623520599923,412.3840601507595,412.3840601507595,412.3840601507595,412.3840601507595,412.2566338925414,412.22726817048294,0.0,1.2491674907377286,0,0.2,NEUTRAL
2026-08-29 09:32:00+00:00,MSFT,413.1171536688901,514874,0.1330770217945476,412.62842465680313,412.62842465680313,412.62842465680313,412.62842465680313,412.38902155044116,412.29318561480943,0.0003095062001463175,0.4680916702325091,0,0.2,NEGATIVE
2026-08-29 09:33:00+00:00,MSFT,413.0357815828137,1844241,-0.019697096901882816,412.7302638883057,412.7302638883057,412.7302638883057,412.7302638883057,412.4885230938831,412.3481927235505,0.000786739468870016,1.434071743594419,0,0.2,POSITIVE
2026-08-29 09:34:00+00:00,MSFT,412.68610688449803,1314240,-0.08465966240882583,412.7214324875442,412.7214324875442,412.7214324875442,412.7214324875442,412.51892060013154,412.37322340213916,0.0009959546158114154,1.0174799626341817,0,0.2,NEUTRAL
2026-08-29 09:35:00+00:00,MSFT,412.6203096882845,710373,-0.01594364218128197,412.80549442520106,412.7045786876676,412.7045786876676,412.7045786876676,412.5345189213859,412.3915260900018,0.0008861482563623719,0.5945636868813542,0,0.2,NEGATIVE
2026-08-29 09:36:00+00:00,MSFT,411.2278527749096,953268,-0.3374668867916042,412.5374409198792,412.4936178429879,412.4936178429879,412.4936178429879,412.3334933603895,412.30532806666156,0.001662192270175505,0.8215854566945131,0,0.2,POSITIVE
2026-08-29 09:37:00+00:00,MSFT,410.0376668653929,1331054,-0.28942249448462576,411.9215435591797,412.1866239707885,412.1866239707885,412.1866239707885,411.98028928423616,412.1373531628639,0.0017879123158487584,1.1264601178630624,0,0.2,NEUTRAL
2026-08-29 09:38:00+00:00,MSFT,408.95295353936575,973538,-0.26453992247088554,411.10497795049014,411.827327256186,411.827327256186,411.827327256186,411.51454532348686,411.90147170927145,0.0017858239587892042,0.8403401626349368,0,0.2,NEGATIVE
2026-08-29 09:39:00+00:00,MSFT,408.137299468255,662863,-0.1994493655202989,410.1952164672415,411.45832447739286,411.45832447739286,411.45832447739286,410.9949690380666,411.62264413586286,0.0017039292495749515,0.5977444236187605,0,0.2,POSITIVE
2026-08-29 09:40:00+00:00,MSFT,408.4636250148388,1498983,0.07995484534468744,409.3638795325524,411.08468697887673,411.1860790717061,411.1860790717061,410.6055314960315,411.3886427194907,0.0017149629664193389,1.3098430871371298,0,0.2,NEUTRAL
2026-08-29 09:41:00+00:00,MSFT,407.72391450018404,1508360,-0.18109581107200734,408.6630918776073,410.6002663987432,410.8975653574126,410.8975653574126,410.16220580436266,411.11718136991243,0.0016495367201600844,1.284006779435938,0,0.2,NEGATIVE
2026-08-29 09:42:00+00:00,MSFT,407.41554266648336,678311,-0.07563251080788813,408.13866703782537,410.0301052985025,410.6297174581104,410.6297174581104,409.7396422446889,410.8429859103992,0.001574228037030734,0.5968194780135904,0,0.2,POSITIVE
2026-08-29 09:43:00+00:00,MSFT,408.47419427046367,921850,0.25984565955721184,408.042915184045,409.57394656726757,410.4757515161356,410.4757515161356,409.5449579409619,410.6675198629966,0.0018033095262423638,0.8221937197954069,0,0.2,NEUTRAL
2026-08-29 09:44:00+00:00,MSFT,408.1831449934098,865809,-0.07125279421229536,408.0520842890759,409.12365037815874,410.3229110812872,410.3229110812872,409.3354482567231,410.483492094879,0.001732568908393821,0.7841185848844375,0,0.2,NEGATIVE
2026-08-29 09:45:00+00:00,MSFT,408.78522784184685,1489133,0.14750311369342572,408.11640485447754,408.740142193515,410.2268058788222,410.2268058788222,409.25079896212674,410.35769474280255,0.0017612890483828818,1.3198717405766311,0,0.2,POSITIVE
2026-08-29 09:46:00+00:00,MSFT,408.0219296097668,1595443,-0.1867235360019759,408.1760078763941,408.4195498770007,410.09710727476016,410.09710727476016,409.0617421386867,410.18467510331845,0.0017329984628179495,1.3804715804629382,0,0.2,NEUTRAL
2026-08-29 09:47:00+00:00,MSFT,407.85428355221586,1590491,-0.041087511573523194,408.2637560535406,408.20121154568295,409.972505956841,409.972505956841,408.8759792792297,410.01205350694045,0.0016788497576931156,1.3480143056349803,0,0.2,NEGATIVE
2026-08-29 09:48:00+00:00,MSFT,407.07934242308716,1908141,-0.19000441098211418,407.9847856840653,408.01385043405514,409.8202341919066,409.8202341919066,408.5995736090539,409.79481564887726,0.0016563496513141234,1.566352497627444,0,0.2,POSITIVE
2026-08-29 09:49:00+00:00,MSFT,406.8033156998926,1652971,-0.06780661518011044,407.70881982536184,407.8804520572189,409.66938826730586,409.66938826730586,408.3232262384137,409.5732230600636,0.0016096861388857522,1.3331004197485072,0,0.2,NEUTRAL
2026-08-29 09:50:00+00:00,MSFT,407.48699597294717,981019,0.16806162749147813,407.44917345158194,407.78278915302974,409.4337380659532,409.56546482471737,408.194575428342,409.41868772027715,0.0016541519345633136,0.7932426415535708,0,0.2,NEGATIVE
2026-08-29 09:51:00+00:00,MSFT,406.0792747522884,661611,-0.34546408463846934,407.06064248008624,407.6183251782401,409.10929578849175,409.40700163960696,407.86914455510293,409.1713237967224,0.0017349813945811228,0.5593464446435247,0,0.2,POSITIVE
2026-08-29 09:52:00+00:00,MSFT,406.4320956285011,1421964,0.08688472870916897,406.7762048953433,407.5199804744419,408.7750428864723,409.27765789999364,407.6480601048565,408.9684180064838,0.001708117683168101,1.1577784632528139,0,0.2,NEUTRAL
2026-08-29 09:53:00+00:00,MSFT,406.6253423866239,1874017,0.04754712046646237,406.68540488805064,407.33509528605794,408.4545209266628,409.1671447536032,407.4907189174361,408.7948568494571,0.0017274114215929113,1.5239975181998744,0,0.2,NEGATIVE
2026-08-29 09:54:00+00:00,MSFT,406.14214952829553,1962732,-0.11882999113934645,406.5531716537312,407.1309957395465,408.12732305885265,409.04614494459094,407.2832467037221,408.59836001085256,0.001729789047175605,1.5551361740114098,0,0.2,POSITIVE
2026-08-29 09:55:00+00:00,MSFT,404.9675394376483,845320,-0.2892115708776899,406.0492803466715,406.7492268991267,407.74468454632085,408.8892755020162,406.9269840474031,408.32941033876335,0.0017838214105886743,0.6662127626574081,0,0.2,NEUTRAL
2026-08-29 09:56:00+00:00,MSFT,405.0259596561678,854683,0.01442590154276946,405.83861732744737,406.4496299037668,407.43458989038373,408.74618972994773,406.63451875644387,408.08471028820077,0.0017020987512716323,0.6762189203202923,0,0.2,NEGATIVE
2026-08-29 09:57:00+00:00,MSFT,404.59704307092875,556118,-0.10589854181276559,405.4716068159329,406.1239058556381,407.16255870066055,408.5980059206971,406.3210609586723,407.8263645684028,0.001628769946460953,0.4539116823870296,0,0.2,POSITIVE
2026-08-29 09:58:00+00:00,MSFT,404.78532328514285,711893,0.04653524227093975,405.1036029956366,405.89450394184365,406.9541771879494,408.466534105678,406.0847936242832,407.6011022511243,0.0015775638138400374,0.5873289807254537,0,0.2,NEUTRAL
2026-08-29 09:59:00+00:00,MSFT,404.8030141407232,1332278,0.0043704291046831045,404.8357759181222,405.6944737859267,406.7874629215728,408.3444167735128,405.88759678065855,407.39383646516865,0.0015421116848603103,1.0696248307031633,0,0.2,NEGATIVE
2026-08-29 10:00:00+00:00,MSFT,406.0998239871106,1320204,0.3203557782641919,405.0622328280146,405.55575658734307,406.6692728701864,408.2720105545966,405.9202471201127,407.2979836890162,0.0017242052366985752,1.067592935373544,0,0.2,POSITIVE
2026-08-29 10:01:00+00:00,MSFT,405.90541943073634,1056383,-0.04787112549460293,405.23812478292837,405.5383710551879,406.578348116714,408.198054581976,405.9179659371318,407.19483078099546,0.0016876483844697132,0.87015391980625,0,0.2,NEUTRAL
2026-08-29 10:02:00+00:00,MSFT,405.0745330726784,964933,-0.2046994985243744,405.33362278327826,405.4026147996056,406.46129763702373,408.1034024150276,405.78820703490817,407.0377716914905,0.0017332122535791443,0.7855523873027521,0,0.2,NEGATIVE
2026-08-29 10:03:00+00:00,MSFT,405.2197730609209,1744684,0.035855126991268804,405.4205127384339,405.26205786703525,406.2985765765466,408.0185897869656,405.70075565429477,406.9031051262631,0.0016045660250287484,1.3743173594684202,0,0.2,POSITIVE
2026-08-29 10:04:00+00:00,MSFT,405.39806707362726,1190050,0.04399933679435364,405.53952332501467,405.1876496215685,406.15932268055747,407.94371770944167,405.65418818034595,406.79162082606786,0.001613371930605282,0.9256022812104254,0,0.2,NEUTRAL
2026-08-29 10:05:00+00:00,MSFT,406.5000911052132,1712377,0.27183751504809006,405.61957674863527,405.3409047883249,406.04506584372587,407.9036169704353,405.784327091864,406.77002603193046,0.0017081999676324677,1.3203966548268378,0,0.2,NEGATIVE
2026-08-29 10:06:00+00:00,MSFT,407.17903670030773,1944817,0.1670222491829243,405.87430020254953,405.5562124927389,406.00292119825286,407.88403371989136,405.99889780085533,406.80032311847697,0.0017181893125756582,1.4796973646658997,0,0.2,POSITIVE
2026-08-29 10:07:00+00:00,MSFT,407.46965752848917,975708,0.07137421182989989,406.35332509371165,405.843473938495,405.9836898970665,407.8731290832755,406.22516852818364,406.8499034451445,0.0017259335311176204,0.760136870258508,0,0.2,NEUTRAL
2026-08-29 10:08:00+00:00,MSFT,408.6621605843805,804107,0.29266057824390845,407.04180259840354,406.23115766841875,406.06283080513117,407.8933606602269,406.6000903829831,406.98414471471756,0.001789293146198641,0.6546005272170736,0,0.2,NEGATIVE
2026-08-29 10:09:00+00:00,MSFT,407.6905556279756,1929349,-0.23775261086457222,407.50030030927326,406.5199118171439,406.10719280153535,407.8882905344206,406.7678542668281,407.03647144903294,0.0018714337151738798,1.5531555454266734,0,0.2,POSITIVE
2026-08-29 10:10:00+00:00,MSFT,407.1689143122744,1452246,-0.127950306549951,407.63406495068546,406.6268208496603,406.0912887185017,407.87074477290486,406.8295558122814,407.04628203149525,0.001857734133864641,1.1473188295822547,0,0.2,NEUTRAL
2026-08-29 10:11:00+00:00,MSFT,406.41436847209445,936376,-0.18531518828110993,407.4811313050428,406.6777157537962,406.108043404492,407.8360691466951,406.76568083686806,406.99947361968776,0.0017330159733765509,0.7318227860239993,0,0.2,NEGATIVE
2026-08-29 10:12:00+00:00,MSFT,406.0975198621469,1432789,-0.07796196063115657,407.2067037717744,406.78001443274303,406.09131461617426,407.7956377679846,406.66288684075715,406.9326622302403,0.0017308540793132606,1.1193198845172998,0,0.2,POSITIVE
2026-08-29 10:13:00+00:00,MSFT,404.9793822018445,1272585,-0.27533722951126327,406.4701480952672,406.7559753468354,406.0090166069353,407.73163195966333,406.4038861270783,406.7879748207295,0.0018281175103633444,1.0180829861815566,0,0.2,NEUTRAL
2026-08-29 10:14:00+00:00,MSFT,405.49382827793613,1858298,0.12703018936288668,406.0308026252593,406.7655514672662,405.97660054441735,407.6819029889582,406.26387722721023,406.6921121138559,0.001840865842189606,1.4928967425766206,0,0.2,NEGATIVE
2026-08-29 10:15:00+00:00,MSFT,433.6855610025333,4419735,6.952444342820874,411.33413196331105,409.48409845699825,407.4125016226616,408.2471999022968,410.48259780802914,408.6916268463505,0.015625213132920108,3.1048788755927244,1,-0.8,POSITIVE
2026-08-29 10:16:00+00:00,MSFT,404.12133280057793,1987074,-6.816973139159376,410.87552482900776,409.1783280670253,407.36727027988206,408.1594154958773,409.50394165303663,408.3530865466637,0.022403668578368972,1.3425266748832276,0,0.2,NEUTRAL
2026-08-29 10:17:00+00:00,MSFT,403.300498456854,1904065,-0.20311581624150588,410.31612054794914,408.7614121598618,407.30244304917835,408.05818805756434,408.54956577670083,407.97882076223334,0.022407431229638706,1.2304155182668948,0,0.2,NEGATIVE
2026-08-29 10:18:00+00:00,MSFT,403.5533790387535,771052,0.06270276949003062,410.0309199153309,408.2505340052991,407.2408458368589,407.9662531796294,407.7809216631705,407.6510102641978,0.022407607392795122,0.4973067592072136,0,0.2,POSITIVE
2026-08-29 10:19:00+00:00,MSFT,404.2298366558254,746911,0.16762531357887855,409.7781215909088,407.90446210808403,407.21218696261406,407.89152484915326,407.2346008928097,407.39758999691094,0.02241041729644,0.4910053309351187,0,0.2,NEUTRAL
2026-08-29 10:20:00+00:00,MSFT,405.8441130602139,1299735,0.3993461783383667,404.20983200244495,407.771981982878,407.19940141626915,407.7644071103576,407.02067968779494,407.28251763122967,0.022416743822969792,0.8549967348911174,0,0.2,NEGATIVE
2026-08-29 10:21:00+00:00,MSFT,408.20926091640627,567365,0.5827724932014666,405.0274176256106,407.9514712273092,407.3145934905527,407.67722992265533,407.2035383383505,407.35116528198347,0.022450912128942964,0.3793275019107946,0,0.2,POSITIVE
2026-08-29 10:22:00+00:00,MSFT,408.54759245335504,948196,0.08288188665519503,406.0768364249108,408.19647848643,407.4882464595865,407.5858386983446,407.41031589450506,407.43978951689985,0.02244279516431043,0.6342974478919138,0,0.2,NEUTRAL
2026-08-29 10:23:00+00:00,MSFT,407.7390456201953,1152645,-0.19790762400637707,406.91396974119914,408.47244482826505,407.61421008755025,407.4799039790923,407.46088969845744,407.4619566356625,0.022450569560485346,0.7866412698239373,0,0.2,NEGATIVE
2026-08-29 10:24:00+00:00,MSFT,406.00040858874837,1954059,-0.4264092561462651,407.26808412778377,408.5231028593463,407.6443271633063,407.34619001317725,407.2362002969637,407.3536938173726,0.022476405712368433,1.2996955152779617,0,0.2,POSITIVE
2026-08-29 10:25:00+00:00,MSFT,406.21779051493934,1988563,0.05354229246876674,407.34281961872887,405.77632581058685,407.63021213379255,407.21813962971044,407.07952186896,407.26955283200715,0.022469417031432785,1.3106071952592915,0,0.2,NEUTRAL
2026-08-29 10:26:00+00:00,MSFT,405.55732824382784,727309,-0.16258821906206533,406.8124330842132,405.9199253549119,407.5491267109686,407.10472913908876,406.8453382343243,407.14272138103087,0.022470195007170325,0.4993853543891038,0,0.2,NEGATIVE
2026-08-29 10:27:00+00:00,MSFT,405.22042588241754,1837515,-0.08307145203593214,406.1469997700257,406.1119180974682,407.436665128665,407.00838431942924,406.5953517186463,407.00032912187436,0.0224704135399158,1.2254195352086668,0,0.2,POSITIVE
2026-08-29 10:28:00+00:00,MSFT,404.72435763122496,636393,-0.12241935981196495,405.54406217223163,406.2290159567154,407.23977498100726,406.9238124012664,406.30750647442767,406.8317386410855,0.02246077025443035,0.42679059199403396,0,0.2,NEUTRAL
2026-08-29 10:29:00+00:00,MSFT,404.61039462909457,1622912,-0.028158177283277297,405.2660593803008,406.2670717540424,407.0857669310632,406.85327430448314,406.04641234437645,406.6671946401973,0.022455181789551616,1.0996894784197615,0,0.2,NEGATIVE
2026-08-29 09:30:00+00:00,NVDA,175.4,1194511,0.0,175.4,175.4,175.4,175.4,175.4,175.4,0.0,1.0,0,0.2,POSITIVE
2026-08-29 09:31:00+00:00,NVDA,175.45612505804155,848961,0.03199832271467695,175.4280625290208,175.4280625290208,175.4280625290208,175.4280625290208,175.4086346243141,175.4041574117068,0.0,0.8309005457378422,0,0.2,NEUTRAL
2026-08-29 09:32:00+00:00,NVDA,175.41449341607634,1001366,-0.023727665221973115,175.42353949137262,175.42353949137262,175.42353949137262,175.42353949137262,175.4095359768929,175.4049230416601,0.0003940422395832501,0.9866199778116275,0,0.2,NEGATIVE
2026-08-29 09:33:00+00:00,NVDA,175.51476951104326,1296154,0.05716522792051926,175.4463469962903,175.4463469962903,175.4463469962903,175.4463469962903,175.42572575137757,175.41305981717,0.0004139730065700381,1.1943389897977237,0,0.2,POSITIVE
2026-08-29 09:34:00+00:00,NVDA,175.97321470039662,1647720,0.26120034834136163,175.55172053711155,175.55172053711155,175.55172053711155,175.55172053711155,175.50995482045744,175.4545527714831,0.0012437520212371822,1.3756881279313482,0,0.2,NEUTRAL
2026-08-29 09:35:00+00:00,NVDA,176.05042558842464,1409023,0.04387650027277701,175.6818056547965,175.63483804566374,175.63483804566374,175.63483804566374,175.59310416937547,175.49869149866396,0.001090293424624687,1.1428008708070783,0,0.2,NEGATIVE
2026-08-29 09:36:00+00:00,NVDA,175.90573776067635,1899835,-0.08218544616674928,175.77172819532342,175.67353800495127,175.67353800495127,175.67353800495127,175.6412016449602,175.52884307362785,0.0011653715060923485,1.430357071794028,0,0.2,POSITIVE
2026-08-29 09:37:00+00:00,NVDA,176.29494282411514,1801608,0.22125774201198212,175.9478180769312,175.75121360734673,175.75121360734673,175.75121360734673,175.74177721098405,175.58559120329357,0.0012491214437014184,1.2985523792843037,0,0.2,NEUTRAL
2026-08-29 09:38:00+00:00,NVDA,176.44611800772327,1630030,0.0857512876923261,176.13408777626722,175.82842520738856,175.82842520738856,175.82842520738856,175.8501373335593,175.64933392954762,0.0011573681980669378,1.152488827270322,0,0.2,NEGATIVE
2026-08-29 09:39:00+00:00,NVDA,176.98807437371283,1404660,0.30715119839919147,176.33705971093045,175.944390124021,175.944390124021,175.944390124021,176.025204570506,175.74849988837468,0.0013318779718328698,0.9938256109367938,0,0.2,POSITIVE
2026-08-29 09:40:00+00:00,NVDA,177.05293499411854,934783,0.03664688744438038,176.53756159206924,176.10968362343286,176.04516693039352,176.04516693039352,176.18331694336945,175.84512471102238,0.001271725672987159,0.6823844417127983,0,0.2,NEUTRAL
2026-08-29 09:41:00+00:00,NVDA,176.61934332236748,1118857,-0.24489380634411528,176.68028270440746,176.22600544986545,176.09301496305798,176.09301496305798,176.25039792475377,175.90247423778868,0.0015808561631780304,0.8294225398992853,0,0.2,NEGATIVE
2026-08-29 09:42:00+00:00,NVDA,176.13605656370504,678341,-0.2736318398491311,176.64850545232542,176.2981617646283,176.09632585541547,176.09632585541547,176.2328069461309,175.91977663230102,0.0017935688544058294,0.5228573432621151,0,0.2,POSITIVE
2026-08-29 09:43:00+00:00,NVDA,176.7176324350132,1061276,0.3301855864462411,176.70280833778344,176.4184480570253,176.14070489681532,176.14070489681532,176.30739548288201,175.97887706213155,0.0019023276245700462,0.8287923467929185,0,0.2,NEUTRAL
2026-08-29 09:44:00+00:00,NVDA,177.32683668558565,1889708,0.34473314415666145,176.77056080015797,176.55381025554422,176.2197803494,176.2197803494,176.46423259099026,176.07872592312816,0.001982105999399212,1.4303809291827811,0,0.2,NEGATIVE
2026-08-29 09:45:00+00:00,NVDA,177.26316953715428,1138823,-0.03590384265651503,176.8126077087651,176.67508465041718,176.28499217363463,176.28499217363463,176.58714596732318,176.1664624871301,0.0019326139280044876,0.8695107421118193,0,0.2,POSITIVE
2026-08-29 09:46:00+00:00,NVDA,177.12731953901223,670593,-0.07663746422720275,176.9142029520941,176.79724282825075,176.33454084218624,176.33454084218624,176.67024959373688,176.23763708356583,0.0019030413278311492,0.5271409295250415,0,0.2,NEUTRAL
2026-08-29 09:47:00+00:00,NVDA,177.6450429592931,1477896,0.29228885844843067,177.2160002312117,176.9322528417686,176.40734651535888,176.40734651535888,176.82021780382246,176.34188937065673,0.0019257998747681264,1.1514006685813305,0,0.2,NEGATIVE
2026-08-29 09:48:00+00:00,NVDA,177.25172060380407,1943922,-0.2214091364087012,177.32281786496986,177.01281310137665,176.451787256856,176.451787256856,176.88660284997346,176.4092842768158,0.0019946682445145746,1.4745456405877546,0,0.2,POSITIVE
2026-08-29 09:49:00+00:00,NVDA,176.93453679664282,1801235,-0.1789454037911642,177.2443578871813,177.00745934366964,176.47592473384532,176.47592473384532,176.89397730330722,176.44819187087708,0.002013584170749888,1.3417369285801173,0,0.2,NEUTRAL
2026-08-29 09:50:00+00:00,NVDA,177.16219025349716,911114,0.12866535893780728,177.22416203044986,177.0183848696075,176.56403424652018,176.50860404430492,176.93524083410568,176.50108063996007,0.001968566262490711,0.6859273192462293,0,0.2,NEGATIVE
2026-08-29 09:51:00+00:00,NVDA,177.02237203779504,1180845,-0.07892102457192074,177.20317253020644,177.05868774115024,176.64234659550786,176.53195713491812,176.94864563467326,176.53969481757747,0.001989471344591784,0.8780238405468941,0,0.2,POSITIVE
2026-08-29 09:52:00+00:00,NVDA,177.02055866780293,1296524,-0.0010243733440162828,177.07827567190841,177.14713795156007,176.7226498580942,176.55320067982615,176.95970917823166,176.57531436203863,0.0019860101662922762,0.9535737336596875,0,0.2,NEUTRAL
2026-08-29 09:53:00+00:00,NVDA,176.96269316138876,871759,-0.032688579704898135,177.02047018342535,177.17164402419763,176.79504604061145,176.57026286655795,176.9601682525635,176.6040090879164,0.00199344564584154,0.6513307107534243,0,0.2,NEGATIVE
2026-08-29 09:54:00+00:00,NVDA,177.08216936398514,903037,0.06751490975978047,177.0499966968938,177.14717729203755,176.85049377379087,176.59073912645502,176.97893765432067,176.63942836762521,0.0019269185033464799,0.6940067212911347,0,0.2,POSITIVE
2026-08-29 09:55:00+00:00,NVDA,177.5806492466689,854993,0.28149637226273505,177.13368849552816,177.17892526298903,176.92700495670312,176.6288125926171,177.0715086685281,176.70914843273957,0.0020065041412333806,0.6713768390919158,0,0.2,NEUTRAL
2026-08-29 09:56:00+00:00,NVDA,177.61282149982802,1991871,0.01811698138034501,177.25177838793473,177.2274754590706,177.0123591436607,176.66525736695823,177.1547875656512,176.7760871784498,0.0019858726503036894,1.5584701826450524,0,0.2,NEGATIVE
2026-08-29 09:57:00+00:00,NVDA,177.84156507172221,1619021,0.12878775865536873,177.41597966871862,177.2471276703135,177.08969025604102,176.7072683564141,177.26044564350826,176.85501146684035,0.0019540406198258133,1.275860063528969,0,0.2,POSITIVE
2026-08-29 09:58:00+00:00,NVDA,177.11235344149475,1761284,-0.4100344202061956,177.4459117247398,177.23319095408257,177.1230020277296,176.72123680762377,177.23766222781387,176.87407383533326,0.002197428402950573,1.3808283649951458,0,0.2,NEUTRAL
2026-08-29 09:59:00+00:00,NVDA,177.09509617985125,1724853,-0.009743680386020692,177.44849708791304,177.24924689240342,177.12835311803653,176.733698786698,177.21572898966576,176.8904458608531,0.0020904202719680474,1.3355043904093322,0,0.2,NEGATIVE
2026-08-29 10:00:00+00:00,NVDA,176.79643228821269,1938715,-0.16864605405858546,177.29165369622177,177.21267109587495,177.11552798274124,176.73572244803722,177.15122180482683,176.88348189250937,0.002123292243176273,1.4449331530739695,0,0.2,POSITIVE
2026-08-29 10:01:00+00:00,NVDA,176.36546868679432,657917,-0.24376261208474137,177.04218313361505,177.1469807607749,177.1028342509626,176.72415201799836,177.03033670974492,176.84511054393786,0.0021226266945238667,0.49891848808475187,0,0.2,NEUTRAL
2026-08-29 10:02:00+00:00,NVDA,176.0557171792507,1822448,-0.1756304733857461,176.68501355512075,177.05049661191967,177.09881728173985,176.7038964168242,176.88039524351504,176.78663696136843,0.002068450403740512,1.3245577395372035,0,0.2,NEGATIVE
2026-08-29 10:03:00+00:00,NVDA,175.93806849529275,599838,-0.06682468814015463,176.45015656588035,176.9480341453101,177.05983908475383,176.68137206619093,176.7354218976347,176.72378003795544,0.001917817844787765,0.4433983003501279,0,0.2,POSITIVE
2026-08-29 10:04:00+00:00,NVDA,176.2603527437568,1213131,0.18318050847119238,176.28320787866147,176.86585248328726,177.00651488766238,176.6693429426928,176.66233433549965,176.689452090237,0.0017846550779798782,0.9197417161960058,0,0.2,NEUTRAL
2026-08-29 10:05:00+00:00,NVDA,175.79277184714576,1391650,-0.2652785435479088,176.08247579044806,176.68706474333493,176.93299500316198,176.64499374559426,176.52855549113752,176.62303133148953,0.0018607250093416775,1.0450707751681902,0,0.2,NEGATIVE
2026-08-29 10:06:00+00:00,NVDA,175.80354143712373,1036791,0.006126298518882578,175.97009034051393,176.5061367370645,176.86680609806757,176.62225179131127,176.4170148674431,176.5623283763513,0.001861696302956185,0.7680262162335543,0,0.2,POSITIVE
2026-08-29 10:07:00+00:00,NVDA,175.63330403505242,719259,-0.0968338866667251,175.88560771167428,176.28531063339753,176.76621915185552,176.5962268503571,176.2964439701522,176.4935117584773,0.0016949455115899538,0.5482113765337293,0,0.2,NEUTRAL
2026-08-29 10:08:00+00:00,NVDA,175.51820341864007,788451,-0.0655346188723871,175.80163469634377,176.12589563111206,176.67954329259732,176.56858522390283,176.17671465453495,176.42126669626714,0.0016505225202261805,0.6286300960073887,0,0.2,NEGATIVE
2026-08-29 10:09:00+00:00,NVDA,175.87020792256294,1736996,0.20055156506091354,175.723605732105,176.00340680538324,176.6263268488933,176.55112579136932,176.12955977269309,176.3804475278446,0.0017103265273554957,1.3884584307018362,0,0.2,POSITIVE
2026-08-29 10:10:00+00:00,NVDA,176.05948487014737,978085,0.10762308740077664,175.7769483367053,175.9297120635767,176.57119157972585,176.53913454938828,176.11877901845529,176.35667251616334,0.0017006708586011824,0.7797399083877258,0,0.2,NEUTRAL
2026-08-29 10:11:00+00:00,NVDA,176.5304081138727,965502,0.2674796214885422,175.92232167205512,175.9462060062845,176.5465933835297,176.5389267771141,176.18210657159642,176.36954181969736,0.0018214804449210428,0.7763727465988531,0,0.2,NEGATIVE
2026-08-29 10:12:00+00:00,NVDA,176.4758582126449,1885042,-0.03090113584998111,176.0908325075736,175.98822010962394,176.5193583607718,176.53746006631252,176.22729913175772,176.37741710806387,0.0018216064454935094,1.4807497202643312,0,0.2,POSITIVE
2026-08-29 10:13:00+00:00,NVDA,176.23022407332223,715807,-0.1391885223341438,176.23323663851002,176.0174356674269,176.4827349063685,176.5304774301082,176.22774912276765,176.36651392030524,0.0018424197939620954,0.5657504373398592,0,0.2,NEUTRAL
2026-08-29 10:14:00+00:00,NVDA,176.15132269440298,1872900,-0.04477176337608357,176.28945959287802,176.0065326624915,176.43619257288938,176.52205176931471,176.21599121071156,176.35057382949765,0.0018312380792710097,1.4256379004568451,0,0.2,NEGATIVE
2026-08-29 10:15:00+00:00,NVDA,188.57332780234876,9407275,7.051894313332041,178.79222817931833,177.2845882580118,176.98582650067337,176.78403603090243,178.11711991711726,177.2559630126718,0.015952204351102443,5.402313893803043,1,-0.8,POSITIVE
2026-08-29 10:16:00+00:00,NVDA,176.29899238687705,1397839,-6.5090517087002535,178.74594503391918,177.33413335298715,176.92013504502583,176.77371595337,177.837407989388,177.18507629964998,0.02208408970154986,0.8166663764966493,0,0.2,NEUTRAL
2026-08-29 10:17:00+00:00,NVDA,175.91663933789485,748297,-0.21687761444668663,178.63410125896917,177.36246688327137,176.82388875833445,176.75586019054757,177.54190511992752,177.09111800618663,0.022085850536336483,0.44859133483284014,0,0.2,NEGATIVE
2026-08-29 10:18:00+00:00,NVDA,175.94847665445164,733791,0.018097956325568987,178.57775177519505,177.40549420685255,176.7656949189823,176.73938297552522,177.2967622790851,177.0064779060581,0.022067951992615433,0.45387374207068115,0,0.2,POSITIVE
2026-08-29 10:19:00+00:00,NVDA,176.0287895084863,927080,0.04564566602778264,178.55324513801173,177.42135236544487,176.71237958541406,176.72517110618443,177.10168954514683,176.934056543275,0.02206830167613576,0.5879351034001089,0,0.2,NEUTRAL
2026-08-29 10:20:00+00:00,NVDA,176.91508532337858,1366123,0.5034948075067769,176.22159664221766,177.506912410768,176.71831223717237,176.75547281265202,177.07298120333633,176.9326512677271,0.02209357573606811,0.8823880671053191,0,0.2,NEGATIVE
2026-08-29 10:21:00+00:00,NVDA,177.57916957246582,730420,0.3753689222563361,176.47763207933545,177.61178855662732,176.77899728145593,176.79793370294047,177.15085633704854,176.98054151252256,0.022097093534159385,0.4706811044013181,0,0.2,POSITIVE
2026-08-29 10:22:00+00:00,NVDA,177.2761330811949,1183486,-0.17064867011176155,176.74953082799544,177.69181604348233,176.84001807655312,176.83516649624286,177.17012968230182,177.00243718427606,0.02209681979673001,0.7786665091112133,0,0.2,NEUTRAL
2026-08-29 10:23:00+00:00,NVDA,177.1742406591003,673235,-0.057476672309819676,176.99468362892517,177.78621770206013,176.90182668474353,176.868355919204,177.17076214027082,177.01516336759636,0.022096552468931788,0.4418834071298894,0,0.2,NEGATIVE
2026-08-29 10:24:00+00:00,NVDA,176.65567220825207,1310426,-0.2926884003674024,177.12006016887833,177.83665265344501,176.92159265796826,176.8820050693611,177.09151753534488,176.9885343928301,0.022107997779952444,0.8573714307772506,0,0.2,POSITIVE
2026-08-29 10:25:00+00:00,NVDA,176.44696871899237,531722,-0.11814140279270413,177.02643684800108,176.62401674510937,176.9543025015606,176.88993593197245,176.99235617898296,176.94841841699025,0.022099948910928032,0.35795918121420156,0,0.2,NEUTRAL
2026-08-29 10:26:00+00:00,NVDA,176.55834381138447,1563554,0.06312100071805826,176.82227169578482,176.64995188756012,176.99204262027362,176.90298805298661,176.92558504550627,176.91952400176018,0.022099833406027166,1.0342576505798358,0,0.2,NEGATIVE
2026-08-29 10:27:00+00:00,NVDA,176.98415084775044,583093,0.24117072417764174,176.76387524909595,176.7567030385457,177.05958496090852,176.91677221345932,176.93459516892844,176.92431117553724,0.02210137569008782,0.3874484852117291,0,0.2,POSITIVE
2026-08-29 10:28:00+00:00,NVDA,176.7260782799107,792232,-0.1458167675487232,176.67424277325802,176.8344632010916,177.11997870397207,176.92237141890308,176.9025156475411,176.9096272573427,0.022104532388918793,0.5263492011817464,0,0.2,NEUTRAL
2026-08-29 10:29:00+00:00,NVDA,176.4948688099628,761962,-0.13082928801355642,176.64208209360015,176.88107113123925,177.15121174834206,176.91250730762806,176.8398007494521,176.87890440938864,0.02210566055911821,0.5231841352222413,0,0.2,NEGATIVE
2026-08-29 09:30:00+00:00,AMZN,228.1,1928766,0.0,228.1,228.1,228.1,228.1,228.1,228.1,0.0,1.0,0,0.2,POSITIVE
2026-08-29 09:31:00+00:00,AMZN,227.84665972277477,1421569,-0.11106544376379146,227.97332986138738,227.97332986138738,227.97332986138738,227.97332986138738,228.0610245727346,228.08123405353888,0.0,0.848613049142847,0,0.2,NEUTRAL
2026-08-29 09:32:00+00:00,AMZN,228.0615366773598,1454328,0.09430770450902237,228.0027321333782,228.0027321333782,228.0027321333782,228.0027321333782,228.06110335806156,228.07977498863673,0.0014522074581733695,0.9080728450673856,0,0.2,NEGATIVE
2026-08-29 09:33:00+00:00,AMZN,228.52345972861872,642643,0.20254316356396185,228.13291403218832,228.13291403218832,228.13291403218832,228.13291403218832,228.13223510737805,228.1126405249317,0.0015929187216049538,0.47189785189229316,0,0.2,POSITIVE
2026-08-29 09:34:00+00:00,AMZN,228.59449822402289,1432807,0.03108586553368653,228.22523087055524,228.22523087055524,228.22523087055524,228.22523087055524,228.20335250993878,228.14833368782735,0.0013097232656959345,1.0412670547707574,0,0.2,NEUTRAL
2026-08-29 09:35:00+00:00,AMZN,228.7553173833731,1588573,0.07035128167984794,228.35629434722986,228.31357862269155,228.31357862269155,228.31357862269155,228.28827018277482,228.19329544305296,0.001136546103181223,1.1254919594373909,0,0.2,NEGATIVE
2026-08-29 09:36:00+00:00,AMZN,228.7796365201847,1371186,0.010631069515576463,228.54288970671183,228.38015832233344,228.38015832233344,228.38015832233344,228.3638650039148,228.2367281154331,0.0010343667689019383,0.9754498839009288,0,0.2,POSITIVE
2026-08-29 09:37:00+00:00,AMZN,228.77967513502625,626739,1.6878618280813384e-05,228.68651739824514,228.43009792392002,228.43009792392002,228.43009792392002,228.42783579331658,228.27694641318072,0.0009626923967506364,0.4790387260976834,0,0.2,NEUTRAL
2026-08-29 09:38:00+00:00,AMZN,228.44951951001624,1284841,-0.14431160670856924,228.67172935452464,228.43225587793071,228.43225587793071,228.43225587793071,228.4311717497319,228.28972960553892,0.0011094410445367914,0.9840119331636634,0,0.2,NEGATIVE
2026-08-29 09:39:00+00:00,AMZN,228.59412543403016,1903909,0.06329885233467003,228.67165479652607,228.4484428335407,228.4484428335407,228.4484428335407,228.45624154731627,228.31227744468643,0.0010481483249133218,1.3942575373876969,0,0.2,POSITIVE
2026-08-29 09:40:00+00:00,AMZN,228.5496471442686,1585124,-0.019457319682703034,228.6305207487052,228.49340754796754,228.45764322542502,228.45764322542502,228.4706116391551,228.32986038539622,0.0009977549301820796,1.1440819632708539,0,0.2,NEUTRAL
2026-08-29 09:41:00+00:00,AMZN,229.5064329011079,706111,0.4186336617861164,228.77588002488983,228.65938486580086,228.54504236506526,228.54504236506526,228.62996875637862,228.41701390507856,0.00153051415316226,0.5313567861128482,0,0.2,NEGATIVE
2026-08-29 09:42:00+00:00,AMZN,230.228623043817,1939907,0.3146709804950465,229.065669606648,228.87609350244657,228.6745485711231,228.6745485711231,228.87591556983068,228.55120717461475,0.001639236721911805,1.4099341274255788,0,0.2,POSITIVE
2026-08-29 09:43:00+00:00,AMZN,230.40628888481956,1938320,0.07716931051129361,229.45702348160867,229.06437641806664,228.79824430781568,228.79824430781568,229.1113576182905,228.68862063462993,0.0015694500452734094,1.3688132297574611,0,0.2,NEUTRAL
2026-08-29 09:44:00+00:00,AMZN,230.05466252503442,754093,-0.1526114419389435,229.7491308998095,229.2103928481678,228.88200552229694,228.88200552229694,229.25648145009725,228.78980892280802,0.001628501348519957,0.5496594184066838,0,0.2,NEGATIVE
2026-08-29 09:45:00+00:00,AMZN,229.54283163348217,1701326,-0.22248229439668643,229.9477677976522,229.2891442731787,228.923307154246,228.923307154246,229.30053532446416,228.84558838285795,0.0017316685560718752,1.2217648264323162,0,0.2,POSITIVE
2026-08-29 09:46:00+00:00,AMZN,230.08966828614675,1110075,0.2382285906177728,230.06441487465995,229.4201474497749,228.99191663259313,228.99191663259313,229.42194039549224,228.93774244976825,0.0017432642196267556,0.8067985996085474,0,0.2,NEUTRAL
2026-08-29 09:47:00+00:00,AMZN,230.21058005025984,1390523,0.052549845029425946,230.06080627594855,229.56323794129827,229.05962015579684,229.05962015579684,229.5432695731488,229.03202671647134,0.0016879145353968104,1.0100308948364947,0,0.2,NEGATIVE
2026-08-29 09:48:00+00:00,AMZN,230.43164823306404,1167779,0.09602868067832837,230.06587814559742,229.76145081360306,229.13183215986354,229.13183215986354,229.67994321313574,229.1357023843671,0.0016404649512006125,0.855066737848361,0,0.2,POSITIVE
2026-08-29 09:49:00+00:00,AMZN,229.6276325841385,1673936,-0.34891719739483795,229.98047215741826,229.86480152861387,229.15662218107727,229.15662218107727,229.67189542405924,229.17214165842424,0.0018458875644478284,1.2120066373295302,0,0.2,NEUTRAL
2026-08-29 09:50:00+00:00,AMZN,230.05356358991375,1994989,0.18548769631163697,230.08261854870457,230.01519317317837,229.25430036057296,229.19933367673616,229.7306136034215,229.2374321718679,0.0018277727759011717,1.4410090615049895,0,0.2,NEGATIVE
2026-08-29 09:51:00+00:00,AMZN,230.26264562626167,1692672,0.09088406764288237,230.1172140167276,230.09081444569375,229.3750996557473,229.24766603807822,229.81246468385842,229.31337390923042,0.0017937585605562894,1.210786269083191,0,0.2,POSITIVE
2026-08-29 09:52:00+00:00,AMZN,229.75126421190598,1897057,-0.22208613688288192,230.0253508490568,230.04307856250267,229.4595860324746,229.26956161085332,229.80304922663498,229.34581022794714,0.0018921433011380477,1.335832868880712,0,0.2,NEUTRAL
2026-08-29 09:53:00+00:00,AMZN,229.53459737066817,1919040,-0.09430496148998824,229.84594067657758,229.95590941108753,229.51014291457705,229.28060476751227,229.76174894110162,229.35979446074128,0.0018718420189387324,1.293196905139043,0,0.2,NEGATIVE
2026-08-29 09:54:00+00:00,AMZN,229.65566181531153,635158,0.05274344087129457,229.8515465228122,229.9160093401152,229.5632010941415,229.29560704942426,229.74542784482622,229.3817105610798,0.0018730065878136,0.43983942860304565,0,0.2,POSITIVE
2026-08-29 09:55:00+00:00,AMZN,229.6797604099112,880075,0.010493359671248648,229.77678588681175,229.92970221775818,229.6094232454684,229.31038217867373,229.73532516253164,229.40378832765992,0.001869876677829723,0.6247679504317275,0,0.2,NEUTRAL
2026-08-29 09:56:00+00:00,AMZN,229.54554879400314,1582784,-0.05843423716070939,229.63336652036,229.87529026854378,229.64771885915934,229.3190920533156,229.70612879814263,229.4142891029446,0.0018781220426381195,1.1152469425345377,0,0.2,NEGATIVE
2026-08-29 09:57:00+00:00,AMZN,229.49803825142925,1385113,-0.02069765361319975,229.58272132826465,229.80403608866072,229.68363701497952,229.3254829889625,229.67411486787904,229.4204927435731,0.0018796714694527142,0.9505685651964091,0,0.2,POSITIVE
2026-08-29 09:58:00+00:00,AMZN,229.38238162346482,575219,-0.05039547564137381,229.55227817882397,229.6991094277008,229.7302801206519,229.3274450108419,229.62923283027686,229.41766969763918,0.001849036880358548,0.404610664782485,0,0.2,NEUTRAL
2026-08-29 09:59:00+00:00,AMZN,229.45237192820989,642573,0.030512502420498855,229.51162020140364,229.68158336210794,229.77319244536088,229.3316092414208,229.6020234607281,229.42024023323702,0.00184649809817376,0.4729692180966245,0,0.2,NEGATIVE
2026-08-29 10:00:00+00:00,AMZN,230.12764657516308,1280821,0.2942983945986244,229.60119743445404,229.6889916606329,229.85209241690563,229.35728786508994,229.68288855525657,229.47264070300932,0.0019429574157168914,0.9534326716769447,0,0.2,POSITIVE
2026-08-29 10:01:00+00:00,AMZN,228.9463284420155,1424248,-0.5133316881862582,229.48135336405647,229.55735994220822,229.82408719395102,229.34444538311885,229.56957161475793,229.43365460960237,0.002085745922139998,1.0325984745434122,0,0.2,NEUTRAL
2026-08-29 10:02:00+00:00,AMZN,228.83787644511546,751579,-0.04737005290194052,229.34932100279374,229.46602116552918,229.75454986401593,229.32909480923996,229.45700312712063,229.38952289371446,0.001939262263411777,0.5694345423674623,0,0.2,NEGATIVE
2026-08-29 10:03:00+00:00,AMZN,228.91866190046156,756936,0.035302484274479795,229.25657705819307,229.40442761850855,229.68016851479803,229.31702325309942,229.3741813999423,229.35464430162165,0.0019293063895281335,0.6003617703619559,0,0.2,POSITIVE
2026-08-29 10:04:00+00:00,AMZN,229.05417899656103,694010,0.059198797937409786,229.17693847186334,229.34427933663352,229.63014433837438,229.30951341719833,229.32495026096058,229.3323876123579,0.0019178334893182505,0.5517668947257053,0,0.2,NEUTRAL
2026-08-29 10:05:00+00:00,AMZN,228.88380181839824,1347425,-0.07438291626425952,228.92816952051035,229.26468347748218,229.5971928476202,229.29768809500942,229.25708126979714,229.29915903502757,0.001864030997704562,1.0865449141787367,0,0.2,NEGATIVE
2026-08-29 10:06:00+00:00,AMZN,228.07963149777646,511780,-0.3513443564957197,228.75483013166254,229.11809174785952,229.49669100820165,229.2647676464356,229.07593515102474,229.20882366189787,0.0019094379999078546,0.4228937233070441,0,0.2,POSITIVE
2026-08-29 10:07:00+00:00,AMZN,228.22924967589336,1358645,0.06559909674281883,228.63310477781815,228.99121289030595,229.39762448948332,229.23751717352656,228.94567584715836,229.13626262589753,0.0019131189744123619,1.1241552618317538,0,0.2,NEUTRAL
2026-08-29 10:08:00+00:00,AMZN,229.0177133625057,1213892,0.34547004283282945,228.65291507022692,228.95474606421004,229.3269277459554,229.2318811783722,228.95675854182718,229.12748119897964,0.002082371388943752,1.0024728763191866,0,0.2,NEGATIVE
2026-08-29 10:09:00+00:00,AMZN,228.31515049936792,1198977,-0.3067722809832252,228.50510937078835,228.8410239213258,229.2613036417169,229.20896291139707,228.85804961221805,229.06730855456397,0.002050346362049989,1.0099628130286693,0,0.2,POSITIVE
2026-08-29 10:10:00+00:00,AMZN,228.70960054527407,1518914,0.17276560273964403,228.47026911616348,228.69921931833693,229.1941054894849,229.19678334149165,228.83521129422667,229.04081166498693,0.002043545631211454,1.3056426295910788,0,0.2,NEUTRAL
2026-08-29 10:11:00+00:00,AMZN,228.5593268001751,1283947,-0.06570504462457549,228.56620817664322,228.66051915415292,229.10893954818056,229.1816058047936,228.79276752591105,229.00514611944533,0.0020250731308307894,1.123402011698825,0,0.2,NEGATIVE
2026-08-29 10:12:00+00:00,AMZN,228.53129429777692,1591623,-0.012264869165767855,228.62661710101997,228.62986093941905,229.04794105247416,229.16648228137464,228.75254087542888,228.97004598450692,0.00197789895994186,1.4114663310151987,0,0.2,POSITIVE
2026-08-29 10:13:00+00:00,AMZN,228.05005377894616,1645885,-0.21057970214078958,228.43308518430803,228.54300012726748,228.97371387288803,229.14110890631946,228.64446593750847,228.90189841372464,0.0020156282779611565,1.477481377137583,0,0.2,NEUTRAL
2026-08-29 10:14:00+00:00,AMZN,227.89750828276124,1880176,-0.06689123447117806,228.34955674098669,228.42733305588754,228.8858061962605,229.11347333690702,228.52954937523967,228.82749914476437,0.0020068116454744623,1.5984749935620644,0,0.2,NEGATIVE
2026-08-29 10:15:00+00:00,AMZN,244.48436647946167,8494335,7.27820954326559,231.50450992782424,229.98738952199386,229.62603649973803,229.44762318783214,230.98413662204302,229.98726709548268,0.016487964179840428,5.455773909930357,1,-0.8,POSITIVE
2026-08-29 10:16:00+00:00,AMZN,228.7563239952227,1276559,-6.4331485528994925,231.5439093668337,230.05505877173846,229.58657525979902,229.43291469437236,230.64139621791682,229.89608612509306,0.022378066733822033,0.8280564338000451,0,0.2,NEUTRAL
2026-08-29 10:17:00+00:00,AMZN,229.5488784649584,1238229,0.34646232108199726,231.74742620027004,230.18702165064502,229.58911727047544,229.43533060625955,230.47331656361553,229.87036703915714,0.02239078121682266,0.8070378412823428,0,0.2,NEGATIVE
2026-08-29 10:18:00+00:00,AMZN,230.08942562217067,853562,0.23548237779553727,232.15530056891492,230.29419287661148,229.62446947041076,229.4486794841353,230.41425641877785,229.88659360086183,0.02239485405707205,0.5513233447387937,0,0.2,POSITIVE
2026-08-29 10:19:00+00:00,AMZN,230.29148402567716,1399390,0.08781733578591133,232.63409571749813,230.4918262292424,229.66642507528414,229.46553557496617,230.39536835830083,229.9165854841815,0.02239510531718691,0.8823132661324937,0,0.2,NEUTRAL
2026-08-29 10:20:00+00:00,AMZN,231.09471056582677,708703,0.3487869052335668,229.95616453477115,230.7303372312977,229.71477827481732,229.52542978628264,230.502959467151,230.0038540087478,0.022398668045758487,0.4550433138467707,0,0.2,NEGATIVE
2026-08-29 10:21:00+00:00,AMZN,231.2976085597448,1896854,0.08779863174765978,230.46442144767556,231.00416540725465,229.83234228070378,229.5944487630221,230.62521317370388,230.09968767919202,0.022360149566001915,1.1997272355344182,0,0.2,POSITIVE
2026-08-29 10:22:00+00:00,AMZN,231.6806319301626,1767566,0.16559763535941574,230.8907721407164,231.31909917049325,229.97448005495613,229.66683066807815,230.78758529008218,230.2167946607454,0.022359100244535572,1.0831534170850823,0,0.2,NEUTRAL
2026-08-29 10:23:00+00:00,AMZN,231.5432124383085,679600,-0.05931419070693833,231.18152950394398,231.66841503642945,230.1057075818485,229.72722572227195,230.90383562057855,230.31504782945376,0.022361216221505578,0.41744379435033185,0,0.2,NEGATIVE
2026-08-29 10:24:00+00:00,AMZN,231.57402890226524,1678933,0.01330916317183739,231.4380384792616,232.03606709837982,230.23170007713367,229.78681633583676,231.00694227929958,230.40830568669907,0.02236168323238724,1.0010035774338317,0,0.2,POSITIVE
2026-08-29 10:25:00+00:00,AMZN,231.2510184130371,675655,-0.13948476466006943,231.46930004870364,230.71273229173738,230.35006090686562,229.83673035643005,231.04449245372072,230.47072885161302,0.022364497085130962,0.41106706141548327,0,0.2,NEUTRAL
2026-08-29 10:26:00+00:00,AMZN,231.70870299839754,1581837,0.1979167869189613,231.5515189364342,231.00797019205487,230.5315144818967,229.8953116859943,231.14667869136332,230.56243064026373,0.0223430896879494,0.9320471721031572,0,0.2,NEGATIVE
2026-08-29 10:27:00+00:00,AMZN,231.162656589897,631563,-0.23566072462297694,231.44792386838108,231.16934800454874,230.67818482759685,229.9429713150917,231.14913682959929,230.60689182171802,0.02235586343606851,0.3802740831281122,0,0.2,POSITIVE
2026-08-29 10:28:00+00:00,AMZN,231.5243569569716,1232290,0.1564700684835385,231.44415277211368,231.31284113802886,230.80351700732018,230.00446806403085,231.20686300304118,230.6748522021072,0.022348377793205962,0.7415705765419519,0,0.2,NEUTRAL
2026-08-29 10:29:00+00:00,AMZN,231.4360762299875,1486794,-0.038130211501030686,231.41656223765818,231.4273003584599,230.95956329385112,230.06130707994998,231.24212657641755,230.73123916713536,0.02233209925199579,0.8870446833857286,0,0.2,NEGATIVE
2026-08-29 09:30:00+00:00,GOOGL,190.25,1944781,0.0,190.25,190.25,190.25,190.25,190.25,190.25,0.0,1.0,0,0.2,POSITIVE
2026-08-29 09:31:00+00:00,GOOGL,190.5721252066134,857829,0.16931679716867265,190.4110626033067,190.4110626033067,190.4110626033067,190.4110626033067,190.29955772409437,190.27386112641582,0.0,0.61216437535012,0,0.2,NEUTRAL
2026-08-29 09:32:00+00:00,GOOGL,190.35451331271452,931699,-0.11418873230435445,190.392212839776,190.392212839776,190.392212839776,190.392212839776,190.30801243003594,190.27983536243795,0.0020046868239426007,0.7484910863027135,0,0.2,NEGATIVE
2026-08-29 09:33:00+00:00,GOOGL,190.66432049502467,1774113,0.16275273799324363,190.46023975358816,190.46023975358816,190.46023975358816,190.46023975358816,190.3628290554188,190.30831574262953,0.0016182039945838893,1.288291274706259,0,0.2,POSITIVE
2026-08-29 09:34:00+00:00,GOOGL,191.07175930140647,867324,0.21369431119779847,190.58254366315182,190.58254366315182,190.58254366315182,190.58254366315182,190.47189524710925,190.36486711735375,0.0014977392628375784,0.6801745238910082,0,0.2,NEUTRAL
2026-08-29 09:35:00+00:00,GOOGL,191.16075212742695,585847,0.04657560402743233,190.7646940886372,190.67891174053102,190.67891174053102,190.67891174053102,190.5778732286966,190.42382156254436,0.0013257509362737975,0.5049249503669634,0,0.2,NEGATIVE
2026-08-29 09:36:00+00:00,GOOGL,191.25036862932217,1503695,0.04688017853973214,190.90034277317895,190.76054843892976,190.76054843892976,190.76054843892976,190.68133405956206,190.4850472711946,0.001202373383884783,1.2434148725950023,0,0.2,POSITIVE
2026-08-29 09:37:00+00:00,GOOGL,191.35377511766035,1701445,0.05406864785635346,191.10019513416813,190.83470177377106,190.83470177377106,190.83470177377106,190.78478653003873,190.5493974820439,0.001104863288056427,1.338833231874979,0,0.2,NEUTRAL
2026-08-29 09:38:00+00:00,GOOGL,191.0233663663847,1952294,-0.17266905294787138,191.1720043084401,190.8556645062837,190.8556645062837,190.8556645062837,190.8214911202458,190.58450628829135,0.0013644349811914895,1.4498396612203275,0,0.2,NEGATIVE
2026-08-29 09:39:00+00:00,GOOGL,190.9670035161145,1891693,-0.029505736048074382,191.15105315138172,190.86679840726677,190.86679840726677,190.86679840726677,190.84387764268715,190.61283941627826,0.0013040839497836876,1.3501754370938823,0,0.2,POSITIVE
2026-08-29 09:40:00+00:00,GOOGL,190.90874997413226,680345,-0.03050450649046965,191.1006527207228,190.93267340468,190.87061218607275,190.87061218607275,190.853858001371,190.63475871686003,0.0012506284188957173,0.5094113326705723,0,0.2,NEUTRAL
2026-08-29 09:41:00+00:00,GOOGL,191.0551364609152,1658162,0.07667877287069746,191.06160628704143,190.98097453011016,190.88598920897627,190.88598920897627,190.88482391822396,190.66589780901225,0.0011932010458991311,1.2170571734064248,0,0.2,NEGATIVE
2026-08-29 09:42:00+00:00,GOOGL,191.43717957677595,1769191,0.1999648493820505,191.0782871788645,191.08924115651632,190.92838846803778,190.92838846803778,190.96980171184734,190.72302979180958,0.0012294935699651345,1.2693979684098249,0,0.2,POSITIVE
2026-08-29 09:43:00+00:00,GOOGL,191.03189325274755,1547181,-0.21170721639568457,191.07999255613709,191.1259984322886,190.93578166694562,190.93578166694562,190.97935425660123,190.74590856669388,0.0013857493909247122,1.1014428800261817,0,0.2,NEUTRAL
2026-08-29 09:44:00+00:00,GOOGL,190.98413182927627,1729699,-0.025001806063917886,191.08341821876942,191.1172356850756,190.939005011101,190.939005011101,190.98008926778198,190.76355473429257,0.001339964384899525,1.2126722890235042,0,0.2,NEGATIVE
2026-08-29 09:45:00+00:00,GOOGL,191.5500008325029,1756970,0.2962911095317988,191.21166839044358,191.1561605555832,190.9771922499386,190.9771922499386,191.06776797004673,190.82181000082667,0.0014657984845491412,1.2142015633198442,0,0.2,POSITIVE
2026-08-29 09:46:00+00:00,GOOGL,191.26513218080672,1169825,-0.14871764576250834,191.25366753442185,191.15763691073164,190.99412989293086,190.99412989293086,191.09813169477906,190.8546486808252,0.001497031806001391,0.8176526995435797,0,0.2,NEUTRAL
2026-08-29 09:47:00+00:00,GOOGL,190.95059666432132,560226,-0.16445000345806093,191.15635095193096,191.11731906539774,190.99171138023033,190.99171138023033,191.07543399778555,190.86175593886196,0.0015268363017214917,0.4052704251561119,0,0.2,NEGATIVE
2026-08-29 09:48:00+00:00,GOOGL,191.02785764039942,1184291,0.0404612383662295,191.15554382946132,191.1177681927992,190.99361381497607,190.99361381497607,191.0681145581877,190.8740597686055,0.0014819063233783255,0.8632318893787877,0,0.2,POSITIVE
2026-08-29 09:49:00+00:00,GOOGL,191.3504598283228,802673,0.16887703809707055,191.22880942927063,191.15611382402005,191.0114561156434,191.0114561156434,191.11155229205463,190.90934866191787,0.0014786449926163614,0.5974651426314577,0,0.2,NEUTRAL
2026-08-29 09:50:00+00:00,GOOGL,191.35483259029394,670594,0.0022852111121407503,191.18977578082882,191.2007220856362,191.0666977451581,191.02780737634106,191.1489800302453,190.9423474714272,0.0014405860030961902,0.5240019416219419,0,0.2,NEGATIVE
2026-08-29 09:51:00+00:00,GOOGL,191.86343865289825,687385,0.26579211808739345,191.30943707524716,191.28155230483452,191.13126341747235,191.06579061618456,191.2588967414227,191.01057644783248,0.0015047476196232191,0.540723231924669,0,0.2,POSITIVE
2026-08-29 09:52:00+00:00,GOOGL,192.1922135323229,1546060,0.1713587965133101,191.55776044884746,191.3570557003892,191.2231484284528,191.11476552558187,191.4024839400227,191.0981051207577,0.0014922788641786155,1.1874950866993308,0,0.2,NEUTRAL
2026-08-29 09:53:00+00:00,GOOGL,192.51579605642596,1256796,0.16836401337800844,191.85534813205277,191.50544598075703,191.31572220652282,191.1731417977004,191.57376272716166,191.20311926414055,0.0014945977399390899,0.9848843901283049,0,0.2,NEGATIVE
2026-08-29 09:54:00+00:00,GOOGL,192.72914841514677,1309758,0.11082330026481735,192.13108584941756,191.6799476393441,191.39859166220987,191.23538206239823,191.75151437146707,191.3161584605114,0.0014518212956632687,1.008898045110697,0,0.2,POSITIVE
2026-08-29 09:55:00+00:00,GOOGL,193.62636161481794,1617782,0.4655306200692211,192.58539165432234,191.8875837175756,191.5218721365794,191.32734281441438,192.03995240890566,191.48728462008964,0.0017320152932640259,1.198531711936536,0,0.2,NEUTRAL
2026-08-29 09:56:00+00:00,GOOGL,193.54691219210218,1322401,-0.04103233777320581,192.92208636216316,192.11576171870516,191.63669931471838,191.4095490876621,192.27179237555129,191.63984962542392,0.0017477372917942562,0.9863227994749609,0,0.2,NEGATIVE
2026-08-29 09:57:00+00:00,GOOGL,192.77136108582715,1445017,-0.4007044584133035,193.037915872864,192.29783816085575,191.7075786131267,191.4581852304537,192.34864910020912,191.7236652891575,0.0020288746132814933,1.088183099374837,0,0.2,POSITIVE
2026-08-29 09:58:00+00:00,GOOGL,193.38986967942222,629036,0.32085087230342424,193.21273059746323,192.53403936475803,191.8259037787786,191.52479503903882,192.5088368816265,191.84708783658454,0.0020601863677334104,0.4985408212415373,0,0.2,NEUTRAL
2026-08-29 09:59:00+00:00,GOOGL,193.21284081281206,1776696,-0.09153988619136078,193.30946907699632,192.72027746320694,191.93819564361348,191.58106323149792,192.61714517873196,191.94825472371252,0.0020792353374006946,1.4145619235091853,0,0.2,NEGATIVE
2026-08-29 10:00:00+00:00,GOOGL,193.2545285870514,1173171,0.021576088868613397,193.235102471443,192.91024706288266,192.05548457425942,191.63504598490286,192.71520416462727,192.0450157506265,0.002070721742728967,0.9160777254786394,0,0.2,POSITIVE
2026-08-29 10:01:00+00:00,GOOGL,193.76068178757853,732819,0.26191013697209886,193.27785639053826,193.09997137635074,192.19076184059261,191.70147210373648,192.87604687585053,192.17210212373405,0.0021188337826743052,0.5936744445210912,0,0.2,NEUTRAL
2026-08-29 10:02:00+00:00,GOOGL,193.13977198542608,1719992,-0.32045190821178293,193.35153857045808,193.19472722166103,192.2758914610251,191.74505694863615,192.91661996963137,192.2437813727483,0.0022659793117345032,1.3961896508421903,0,0.2,NEGATIVE
2026-08-29 10:03:00+00:00,GOOGL,192.65628627034877,1601931,-0.2503294428212288,193.20482188864338,193.20877624305334,192.35711111190517,191.7718578110395,192.8765686312802,192.27433729108907,0.0022904785695789668,1.2974714173444735,0,0.2,POSITIVE
2026-08-29 10:04:00+00:00,GOOGL,192.03929374904484,579538,-0.3202555874237678,192.97011247588995,193.13979077644314,192.40986920789362,191.7794988378396,192.7477571109363,192.25692665834504,0.0024273960171114673,0.49232379903275547,0,0.2,NEUTRAL
2026-08-29 10:05:00+00:00,GOOGL,191.7342830044909,789562,-0.1588272580050898,192.6660633593778,192.95058291541042,192.41908331649302,191.7782428424688,192.591838017637,192.2182123136151,0.0023752478941651374,0.6994840835128159,0,0.2,NEGATIVE
2026-08-29 10:06:00+00:00,GOOGL,191.90286982336528,523624,0.08792732120339597,192.29450096653517,192.78617867853671,192.45097019862095,191.78161113924983,192.48584291082597,192.19485361063366,0.002353445714209791,0.4775553787453455,0,0.2,POSITIVE
2026-08-29 10:07:00+00:00,GOOGL,192.10405612608983,906138,0.10483756856254356,192.08735779466792,192.71944818256299,192.50864317170937,191.79009653364037,192.42710648240504,192.1881278710378,0.0023210356289758453,0.813582276735306,0,0.2,NEUTRAL
2026-08-29 10:08:00+00:00,GOOGL,192.21020290699366,649970,0.055254835865703456,191.9981411219969,192.60148150532012,192.56776043503908,191.80086849193145,192.39373670157252,192.18976305888637,0.002321609712268551,0.5979225464139252,0,0.2,NEGATIVE
2026-08-29 10:09:00+00:00,GOOGL,191.6671068725876,1564857,-0.28255317677847724,191.92370374670546,192.44690811129766,192.58359278725231,191.79752445144786,192.2819474971133,192.15104778582722,0.002398785995624965,1.3907907109976314,0,0.2,POSITIVE
2026-08-29 10:10:00+00:00,GOOGL,190.781565188036,1283829,-0.46202068732651425,191.73316018341447,192.19961177139618,192.55492941713942,191.7727449572183,192.05111944956295,192.04960463043525,0.0026196656366140442,1.1107535000533388,0,0.2,NEUTRAL
2026-08-29 10:11:00+00:00,GOOGL,190.80230451222474,1970307,0.01087071707808196,191.51304712118636,191.90377404386078,192.50187271010572,191.7496392323375,191.85899407458783,191.95721202908632,0.002536724930589535,1.6150531302475926,0,0.2,NEGATIVE
2026-08-29 10:12:00+00:00,GOOGL,190.62227260336107,1624136,-0.09435520672766984,191.21669041664063,191.65202410565425,192.42337566365762,191.72342140375665,191.6687292328606,191.85832762718076,0.002496399278633232,1.3270516101409628,0,0.2,POSITIVE
2026-08-29 10:13:00+00:00,GOOGL,190.7974109229736,1417315,0.09187715434331167,190.9341320198366,191.46613657091675,192.33745640698504,191.7023757110116,191.53468026210876,191.77974120464688,0.0024683867032636894,1.1505170554656916,0,0.2,NEUTRAL
2026-08-29 10:14:00+00:00,GOOGL,191.06527279191562,1263970,0.1403907252442549,190.8137652037022,191.36873447520384,192.2542626258235,191.688217868365,191.46246372823288,191.72681761851862,0.002479043324395988,1.0279483757603207,0,0.2,NEGATIVE
2026-08-29 10:15:00+00:00,GOOGL,204.49636600037442,2908750,7.029583666460559,193.5567253661699,192.64494277479216,192.7977628451013,191.96665587123476,193.46767946240848,192.67271009124866,0.016022493487866923,2.2476091407897343,1,-0.8,POSITIVE
2026-08-29 10:16:00+00:00,GOOGL,191.40864944639853,605301,-6.399975124228829,193.67799435300464,192.5955207370955,192.6908497078161,191.9547833941106,193.15090561379156,192.5790759694079,0.02192565880777249,0.4810474339563217,0,0.2,NEUTRAL
2026-08-29 10:17:00+00:00,GOOGL,191.49639552551275,1424463,0.045842274823004736,193.85281893743496,192.5347546770378,192.6271014298004,191.94523364684815,192.8963656002102,192.49887741800828,0.021908952201058478,1.1329807573192796,0,0.2,NEGATIVE
2026-08-29 10:18:00+00:00,GOOGL,191.6994064865487,506568,0.10601294112029258,194.03321805015,192.4836750349933,192.54257827015672,191.9402167660257,192.71221804426227,192.43965734901127,0.021897116214070762,0.40488292801120823,0,0.2,POSITIVE
2026-08-29 10:19:00+00:00,GOOGL,191.4292355940305,563525,-0.1409346525739763,194.10601061057298,192.45988790713758,192.45339800921766,191.92999714258582,192.514836128842,192.36481129308677,0.02189822971675082,0.47335618502088594,0,0.2,NEUTRAL
2026-08-29 10:20:00+00:00,GOOGL,191.36046984272306,828703,-0.035922282766287505,191.4788313790427,192.5177783726063,192.35869507200124,191.95220653944025,192.33724131559293,192.29041563009687,0.021897981719332,0.7063221613465127,0,0.2,NEGATIVE
2026-08-29 10:21:00+00:00,GOOGL,191.43578017534324,1826218,0.03935521933138286,191.48425752483166,192.58112593891815,192.24244999138946,191.96947963881485,192.19855498632376,192.22710930011513,0.02188820395232918,1.4872271114383633,0,0.2,POSITIVE
2026-08-29 10:22:00+00:00,GOOGL,191.7499371930385,1188395,0.16410569508349404,191.53496585833682,192.69389239788592,192.17295825177007,191.99738811642135,192.12953686427988,192.19176321810946,0.02188207401081958,0.9892121812453438,0,0.2,NEUTRAL
2026-08-29 10:23:00+00:00,GOOGL,191.59893750294975,1564367,-0.07874823444491419,191.514872061617,192.7740450558835,192.12009081340014,192.01608045657983,192.04790619330603,192.1478502021717,0.02187566094455417,1.3042078012680194,0,0.2,NEGATIVE
2026-08-29 10:24:00+00:00,GOOGL,191.79864768786896,1117343,0.10423345114642935,191.5887544803847,192.84738254547887,192.10805851034132,192.03061822430908,192.00955873093108,192.12198334926038,0.021864040962964307,0.9110999842991542,0,0.2,POSITIVE
2026-08-29 10:25:00+00:00,GOOGL,191.69667264628427,759691,-0.05316775838307697,191.65599504109696,191.56741321006984,192.10617799243101,192.04133663468627,191.9614224102162,192.09047885274362,0.021860861746903472,0.620219965571955,0,0.2,NEUTRAL
2026-08-29 10:26:00+00:00,GOOGL,191.6516077615394,1056734,-0.023508433465624368,191.6991605583362,191.5917090415839,192.0936148893397,192.04936141733063,191.91375861811204,192.05796988302478,0.02186050318536184,0.8443543857153929,0,0.2,NEGATIVE
2026-08-29 10:27:00+00:00,GOOGL,191.96956507768485,637581,0.16590380840482144,191.74308613526546,191.63902599680114,192.08689033691945,192.0616772165311,191.9223442272771,192.05142137892554,0.02186223483716824,0.5149668102642503,0,0.2,POSITIVE
2026-08-29 10:28:00+00:00,GOOGL,191.20435121247516,1655379,-0.39861207421083567,191.6641688771705,191.5895204693938,192.03659775219353,192.06529691345287,191.81188376346142,191.98867544066997,0.021881832990812967,1.2848614483585326,0,0.2,NEUTRAL
2026-08-29 10:29:00+00:00,GOOGL,190.70856891176624,775299,-0.2592944656149565,191.44615312194998,191.51745380116733,191.98867085415245,192.06012822136591,191.6421430170468,191.89385273482523,0.021880334082228434,0.6207886227626899,0,0.2,NEGATIVE
